﻿<?xml version="1.0"?>
<doc>
<assembly>
<name>
MainMenu
</name>
</assembly>
<members>
<member name="P:MainMenu.My.Resources.Resources.ResourceManager">
	<summary>
  このクラスで使用されているキャッシュされた ResourceManager インスタンスを返します。
</summary>
</member><member name="P:MainMenu.My.Resources.Resources.Culture">
	<summary>
  厳密に型指定されたこのリソース クラスを使用して、すべての検索リソースに対し、
  現在のスレッドの CurrentUICulture プロパティをオーバーライドします。
</summary>
</member><member name="P:MainMenu.My.Resources.Resources._end">
	<summary>
  型 System.Drawing.Bitmap のローカライズされたリソースを検索します。
</summary>
</member><member name="P:MainMenu.My.Resources.Resources._next">
	<summary>
  型 System.Drawing.Bitmap のローカライズされたリソースを検索します。
</summary>
</member><member name="P:MainMenu.My.Resources.Resources.back">
	<summary>
  型 System.Drawing.Bitmap のローカライズされたリソースを検索します。
</summary>
</member><member name="P:MainMenu.My.Resources.Resources.back_dictionary">
	<summary>
  型 System.Drawing.Bitmap のローカライズされたリソースを検索します。
</summary>
</member><member name="P:MainMenu.My.Resources.Resources.back_dictionary_hover">
	<summary>
  型 System.Drawing.Bitmap のローカライズされたリソースを検索します。
</summary>
</member><member name="P:MainMenu.My.Resources.Resources.back_hover">
	<summary>
  型 System.Drawing.Bitmap のローカライズされたリソースを検索します。
</summary>
</member><member name="P:MainMenu.My.Resources.Resources.end_hover">
	<summary>
  型 System.Drawing.Bitmap のローカライズされたリソースを検索します。
</summary>
</member><member name="P:MainMenu.My.Resources.Resources.file_open">
	<summary>
  型 System.Drawing.Bitmap のローカライズされたリソースを検索します。
</summary>
</member><member name="P:MainMenu.My.Resources.Resources.hyouji">
	<summary>
  型 System.Drawing.Bitmap のローカライズされたリソースを検索します。
</summary>
</member><member name="P:MainMenu.My.Resources.Resources.hyouji_hover">
	<summary>
  型 System.Drawing.Bitmap のローカライズされたリソースを検索します。
</summary>
</member><member name="P:MainMenu.My.Resources.Resources.jisyo">
	<summary>
  型 System.Drawing.Bitmap のローカライズされたリソースを検索します。
</summary>
</member><member name="P:MainMenu.My.Resources.Resources.jisyo_hover">
	<summary>
  型 System.Drawing.Bitmap のローカライズされたリソースを検索します。
</summary>
</member><member name="P:MainMenu.My.Resources.Resources.kakusu">
	<summary>
  型 System.Drawing.Bitmap のローカライズされたリソースを検索します。
</summary>
</member><member name="P:MainMenu.My.Resources.Resources.kakusu_hover">
	<summary>
  型 System.Drawing.Bitmap のローカライズされたリソースを検索します。
</summary>
</member><member name="P:MainMenu.My.Resources.Resources.listicon">
	<summary>
  型 System.Drawing.Bitmap のローカライズされたリソースを検索します。
</summary>
</member><member name="P:MainMenu.My.Resources.Resources.mainmenu_bg">
	<summary>
  型 System.Drawing.Bitmap のローカライズされたリソースを検索します。
</summary>
</member><member name="P:MainMenu.My.Resources.Resources.mensetsu">
	<summary>
  型 System.Drawing.Bitmap のローカライズされたリソースを検索します。
</summary>
</member><member name="P:MainMenu.My.Resources.Resources.mensetsu_hover">
	<summary>
  型 System.Drawing.Bitmap のローカライズされたリソースを検索します。
</summary>
</member><member name="P:MainMenu.My.Resources.Resources.mensetsu_setumei_1">
	<summary>
  型 System.Drawing.Bitmap のローカライズされたリソースを検索します。
</summary>
</member><member name="P:MainMenu.My.Resources.Resources.mensetsu_setumei_2">
	<summary>
  型 System.Drawing.Bitmap のローカライズされたリソースを検索します。
</summary>
</member><member name="P:MainMenu.My.Resources.Resources.mensetsu_setumei_3">
	<summary>
  型 System.Drawing.Bitmap のローカライズされたリソースを検索します。
</summary>
</member><member name="P:MainMenu.My.Resources.Resources.mensetu_bg">
	<summary>
  型 System.Drawing.Bitmap のローカライズされたリソースを検索します。
</summary>
</member><member name="P:MainMenu.My.Resources.Resources.mensetu_play">
	<summary>
  型 System.Drawing.Bitmap のローカライズされたリソースを検索します。
</summary>
</member><member name="P:MainMenu.My.Resources.Resources.mensetu_play_hover">
	<summary>
  型 System.Drawing.Bitmap のローカライズされたリソースを検索します。
</summary>
</member><member name="P:MainMenu.My.Resources.Resources.mensetu_settei_play_bg">
	<summary>
  型 System.Drawing.Bitmap のローカライズされたリソースを検索します。
</summary>
</member><member name="P:MainMenu.My.Resources.Resources.mensetukan_hanasu">
	<summary>
  型 System.Drawing.Bitmap のローカライズされたリソースを検索します。
</summary>
</member><member name="P:MainMenu.My.Resources.Resources.mensetukan_warau">
	<summary>
  型 System.Drawing.Bitmap のローカライズされたリソースを検索します。
</summary>
</member><member name="P:MainMenu.My.Resources.Resources.next_hover">
	<summary>
  型 System.Drawing.Bitmap のローカライズされたリソースを検索します。
</summary>
</member><member name="P:MainMenu.My.Resources.Resources.settei">
	<summary>
  型 System.Drawing.Bitmap のローカライズされたリソースを検索します。
</summary>
</member><member name="P:MainMenu.My.Resources.Resources.settei_hover">
	<summary>
  型 System.Drawing.Bitmap のローカライズされたリソースを検索します。
</summary>
</member><member name="P:MainMenu.My.Resources.Resources.situmon_delete">
	<summary>
  型 System.Drawing.Bitmap のローカライズされたリソースを検索します。
</summary>
</member><member name="P:MainMenu.My.Resources.Resources.situmon_delete_hover">
	<summary>
  型 System.Drawing.Bitmap のローカライズされたリソースを検索します。
</summary>
</member><member name="P:MainMenu.My.Resources.Resources.situmon_koumoku_delete">
	<summary>
  型 System.Drawing.Bitmap のローカライズされたリソースを検索します。
</summary>
</member><member name="P:MainMenu.My.Resources.Resources.situmon_koumoku_delete_hover">
	<summary>
  型 System.Drawing.Bitmap のローカライズされたリソースを検索します。
</summary>
</member><member name="P:MainMenu.My.Resources.Resources.situmon_ooi">
	<summary>
  型 System.Drawing.Bitmap のローカライズされたリソースを検索します。
</summary>
</member><member name="P:MainMenu.My.Resources.Resources.situmon_ooi_hover">
	<summary>
  型 System.Drawing.Bitmap のローカライズされたリソースを検索します。
</summary>
</member><member name="P:MainMenu.My.Resources.Resources.situmon_tamani">
	<summary>
  型 System.Drawing.Bitmap のローカライズされたリソースを検索します。
</summary>
</member><member name="P:MainMenu.My.Resources.Resources.situmon_tamani_hover">
	<summary>
  型 System.Drawing.Bitmap のローカライズされたリソースを検索します。
</summary>
</member><member name="P:MainMenu.My.Resources.Resources.situmon_tuika">
	<summary>
  型 System.Drawing.Bitmap のローカライズされたリソースを検索します。
</summary>
</member><member name="P:MainMenu.My.Resources.Resources.situmon_tuika_hover">
	<summary>
  型 System.Drawing.Bitmap のローカライズされたリソースを検索します。
</summary>
</member><member name="P:MainMenu.My.Resources.Resources.skip">
	<summary>
  型 System.Drawing.Bitmap のローカライズされたリソースを検索します。
</summary>
</member><member name="P:MainMenu.My.Resources.Resources.skip_hover">
	<summary>
  型 System.Drawing.Bitmap のローカライズされたリソースを検索します。
</summary>
</member><member name="P:MainMenu.My.Resources.Resources.sound">
	<summary>
  型 System.Drawing.Bitmap のローカライズされたリソースを検索します。
</summary>
</member><member name="P:MainMenu.My.Resources.Resources.sound_mini">
	<summary>
  型 System.Drawing.Bitmap のローカライズされたリソースを検索します。
</summary>
</member><member name="P:MainMenu.My.Resources.Resources.start">
	<summary>
  型 System.Drawing.Bitmap のローカライズされたリソースを検索します。
</summary>
</member><member name="P:MainMenu.My.Resources.Resources.title">
	<summary>
  型 System.Drawing.Bitmap のローカライズされたリソースを検索します。
</summary>
</member><member name="T:MainMenu.My.Resources.Resources">
	<summary>
  ローカライズされた文字列などを検索するための、厳密に型指定されたリソース クラスです。
</summary>
</member>
</members>
</doc>